mean_fit_time,std_fit_time,mean_score_time,std_score_time,param_colsample_bytree,param_learning_rate,param_max_depth,param_n_estimators,param_subsample,params,split0_test_accuracy,split1_test_accuracy,split2_test_accuracy,split3_test_accuracy,split4_test_accuracy,mean_test_accuracy,std_test_accuracy,rank_test_accuracy,split0_train_accuracy,split1_train_accuracy,split2_train_accuracy,split3_train_accuracy,split4_train_accuracy,mean_train_accuracy,std_train_accuracy,split0_test_precision,split1_test_precision,split2_test_precision,split3_test_precision,split4_test_precision,mean_test_precision,std_test_precision,rank_test_precision,split0_train_precision,split1_train_precision,split2_train_precision,split3_train_precision,split4_train_precision,mean_train_precision,std_train_precision,split0_test_recall,split1_test_recall,split2_test_recall,split3_test_recall,split4_test_recall,mean_test_recall,std_test_recall,rank_test_recall,split0_train_recall,split1_train_recall,split2_train_recall,split3_train_recall,split4_train_recall,mean_train_recall,std_train_recall,split0_test_f1,split1_test_f1,split2_test_f1,split3_test_f1,split4_test_f1,mean_test_f1,std_test_f1,rank_test_f1,split0_train_f1,split1_train_f1,split2_train_f1,split3_train_f1,split4_train_f1,mean_train_f1,std_train_f1,split0_test_roc_auc,split1_test_roc_auc,split2_test_roc_auc,split3_test_roc_auc,split4_test_roc_auc,mean_test_roc_auc,std_test_roc_auc,rank_test_roc_auc,split0_train_roc_auc,split1_train_roc_auc,split2_train_roc_auc,split3_train_roc_auc,split4_train_roc_auc,mean_train_roc_auc,std_train_roc_auc,split0_test_pr_auc,split1_test_pr_auc,split2_test_pr_auc,split3_test_pr_auc,split4_test_pr_auc,mean_test_pr_auc,std_test_pr_auc,rank_test_pr_auc,split0_train_pr_auc,split1_train_pr_auc,split2_train_pr_auc,split3_train_pr_auc,split4_train_pr_auc,mean_train_pr_auc,std_train_pr_auc
1.5915698051452636,0.05895230104496811,0.09962830543518067,0.010470510018773993,0.8,0.05,3,100,0.8,"{'colsample_bytree': 0.8, 'learning_rate': 0.05, 'max_depth': 3, 'n_estimators': 100, 'subsample': 0.8}",0.9041569842499354,0.8989930286599536,0.8985230324313158,0.9035323280313985,0.9044102458169799,0.9019231238379166,0.0026042859113625427,32,0.9016744774520056,0.9027976812941374,0.903134601977846,0.9019468615249555,0.9013013504092541,0.9021709945316397,0.0006891039578071871,0.8428850248403122,0.8347665847665847,0.8337421163279608,0.8420959304902917,0.843076377184423,0.8393132067219146,0.0041562412719714,29,0.8396789599363226,0.8399267480087372,0.8401870808330392,0.8390974458511624,0.8384379616766995,0.8394656392611921,0.0006277407958620818,0.9911329021489672,0.9923847277279366,0.9930099113197705,0.9909233176838811,0.9914458585437096,0.991779343484853,0.0007928008648769492,4,0.9904804131239894,0.9928537895780084,0.9932451816498449,0.9921758860809013,0.9917062229409003,0.9920922986747289,0.0009657353576932457,0.9110173554511458,0.9067772376322563,0.9064330269987143,0.910467791411043,0.9112613260463109,0.909191347507894,0.0021300086252982425,32,0.9088668182362092,0.9100101595649316,0.9103273535633613,0.9092386563258087,0.9086542482644905,0.9094194471909602,0.0006475876134441098,0.9709456892163464,0.9710121165766783,0.9708083971364442,0.9709647316279232,0.9709122852806965,0.9709286439676177,6.82457958250746e-05,31,0.9715704568048805,0.9712063754765945,0.9719283054328446,0.9713780134211042,0.9707931224322298,0.9713752547135307,0.0003771935192097428,0.9663046350049346,0.9670253150116201,0.9668502441676056,0.9662065665854908,0.9669084589578957,0.9666590439455094,0.00033563710333989704,31,0.9676585130975482,0.9671908001220901,0.9679608117846821,0.9675063237350832,0.9666293511279693,0.9673891599734746,0.00045381061205939396
1.4414015293121338,0.040721841828963636,0.09578919410705566,0.012597029769824433,0.8,0.05,3,100,1.0,"{'colsample_bytree': 0.8, 'learning_rate': 0.05, 'max_depth': 3, 'n_estimators': 100, 'subsample': 1.0}",0.9047250193648335,0.8998709011102505,0.8984197479859534,0.9035839702540798,0.9046684569303863,0.9022536191291006,0.0026109388329504284,29,0.9020617891217062,0.9032495449087881,0.9028505770869374,0.9018048490795012,0.901740297967931,0.9023414116329729,0.0006018938888290739,0.8427344372620207,0.835012704810304,0.8333625065639769,0.841746369110875,0.8415710503089144,0.8388854136112182,0.0038913511693655133,31,0.8394252416898424,0.8394963902095439,0.8394800616875964,0.8387445171813352,0.8373844498605714,0.8389061321257779,0.0008110377048442132,0.9928020029209264,0.9941581472981431,0.9934272300469483,0.9916536254564423,0.9946797412893803,0.993344149402368,0.0010587818165770512,2,0.9918887903604402,0.9947316258932763,0.9937667892444514,0.9924366898782047,0.9946533827134735,0.9934954556179694,0.0011528132707742215,0.9116336989319412,0.9076622696318872,0.9063823711389273,0.9105714422570292,0.9117422069229298,0.9095983977765429,0.0021806697841114824,29,0.9093104437643458,0.9105450378399026,0.9101310116680401,0.9091408639143731,0.9092686415926566,0.9096791997558636,0.0005564447962999328,0.9708494724865384,0.9713242355621087,0.9708946432912274,0.971288661473867,0.971328813662899,0.9711371652953282,0.00021737504379305676,29,0.9715985358680385,0.9717143173710469,0.9718689939886741,0.9718174603184923,0.9712037747750933,0.971640616464269,0.00023726074435977636,0.9661985281473062,0.9675008006699182,0.9670526856156249,0.9666446410557037,0.9675087252039171,0.966981076138494,0.0005058112227827704,29,0.9678384156337898,0.967803044521176,0.9679438583132414,0.9680706176637373,0.9671420510878549,0.9677595974439598,0.000322536541360503
2.4884652137756347,0.035135889344454614,0.1418764591217041,0.013502877251684066,0.8,0.05,3,200,0.8,"{'colsample_bytree': 0.8, 'learning_rate': 0.05, 'max_depth': 3, 'n_estimators': 200, 'subsample': 0.8}",0.9090627420604183,0.9049832171443326,0.9046684569303863,0.9103491014253253,0.9092646147490188,0.9076656264618963,0.0023616976252222805,24,0.9078714641672153,0.9079618368901455,0.9084148829042836,0.9075369877869297,0.9079501149009785,0.9079470573299104,0.0002803426148504227,0.8557788487769392,0.8492335437330929,0.8462639821029083,0.8569349704411096,0.8560902392431547,0.852860316859441,0.004294604626717509,24,0.853376817502378,0.8526653560210607,0.8531040249497164,0.8528300178785616,0.8527257933279089,0.8529404019359251,0.00026499916502616925,0.9817442103066972,0.9824744418944293,0.9866458007303077,0.9829942618675013,0.9817442103066972,0.9831205850211265,0.0018247969193649124,10,0.9827343383235094,0.9841166345000261,0.9845082544401846,0.9828130297577132,0.9839862292003547,0.9836316972443576,0.0007217588314428827,0.9144439586066171,0.9110079319017218,0.9110789980732177,0.9156462585034013,0.9146217017347782,0.9133597697639472,0.0019354084497415958,24,0.9134988363072148,0.9136872692051577,0.914107903913212,0.9132194353568399,0.9136657544862326,0.9136358398537314,0.00028932577364231986,0.9762762688633916,0.976009327310273,0.9759255071775866,0.9765424061642317,0.9762084380059776,0.9761923895042921,0.00021658388984934906,23,0.9769082222670136,0.9767287060281015,0.9770252894237886,0.9770847698920228,0.9766594786484932,0.976881293251884,0.0001645280472139987,0.9729424374781783,0.9731116157429568,0.9732989098214544,0.9728679957986859,0.9734320231614959,0.9731305964005543,0.00021161787325319186,23,0.9743455083143824,0.9740125051772855,0.9741798448342378,0.9745031522230785,0.9739393140263997,0.9741960649150767,0.0002080933595906633
2.318453884124756,0.09002960211263485,0.13729314804077147,0.014510037959973809,0.8,0.05,3,200,1.0,"{'colsample_bytree': 0.8, 'learning_rate': 0.05, 'max_depth': 3, 'n_estimators': 200, 'subsample': 1.0}",0.9087012651691195,0.9047250193648335,0.9042036769262549,0.9089031191902499,0.9087998347448875,0.9070665830790692,0.0021320583494787815,27,0.9073163174406444,0.907639077165395,0.9084407033489117,0.9070851300059387,0.9073046037852772,0.9075571663492333,0.00047580697062494116,0.8539478449837016,0.8471611803749215,0.8450892857142858,0.853539462978031,0.8546163613277707,0.850870827075742,0.00394477839116845,28,0.8519890663473919,0.8509158828030065,0.8522668349978583,0.8506484733855715,0.8511606941627226,0.8513961903393102,0.0006252613060062291,0.9838305862716461,0.9852910494471103,0.9874804381846636,0.9849765258215962,0.9829960358856666,0.9849149271221366,0.0015221726625130755,5,0.9836471754212092,0.9862031192947681,0.9859426753253527,0.9852906658320946,0.9849773094778572,0.9852121890702564,0.0008973458224691151,0.9142995637421231,0.9110200144682903,0.9107529468366611,0.9145597210113339,0.9143217543178731,0.9129908000752562,0.0017226605853404929,27,0.9130966359597622,0.913578158975598,0.9142442563482467,0.9130324451694761,0.9131927652577618,0.913428852342169,0.00044953746154000187,0.975781599981754,0.9758207181976425,0.975764025015439,0.9762763596078446,0.9761833718353413,0.9759652149276044,0.00021884907242280017,26,0.9764279193615901,0.9765876636033084,0.9767654761008324,0.9767185157484205,0.976417668430693,0.976583448648969,0.0001435738976488654,0.9722810551524089,0.9728335679875706,0.9732691131133993,0.9725849784911687,0.9733763825145352,0.9728690194518166,0.00041112779192624394,26,0.973749041151336,0.9737258000614335,0.973937081831828,0.9741541966584595,0.9737818096867732,0.973869585877966,0.00016029288945888684
2.2309871196746824,0.12303995761487473,0.12846941947937013,0.0224074951973774,0.8,0.05,6,100,0.8,"{'colsample_bytree': 0.8, 'learning_rate': 0.05, 'max_depth': 6, 'n_estimators': 100, 'subsample': 0.8}",0.9126258714175058,0.9085979860573199,0.9096777525304689,0.914790332575914,0.9131377814501136,0.9117659448062645,0.002287568165150095,17,0.9145203144970758,0.9134616625998941,0.9144826873918769,0.9124557824885745,0.9137338944976633,0.9137308682950168,0.0007598397118245993,0.8658016682113068,0.8566995253742242,0.855535390199637,0.8652305992819663,0.8658581744121459,0.861825071495856,0.004679918245560942,17,0.8662002724481078,0.8631907615308676,0.8637583430812633,0.8612700883659173,0.8645281628517478,0.8637895256555808,0.0016164368278266984,0.9745462132276236,0.9791362403505112,0.9836202399582681,0.9805946791862284,0.9756937200083455,0.9787182185461955,0.0032948104792398375,16,0.9784570444942883,0.9805956914088989,0.9821610202644551,0.9811960462144329,0.9791612331125137,0.9803142070989178,0.001345064642623446,0.9169611307420494,0.9138350696134748,0.9151176898810969,0.9193075117370892,0.9175004904845988,0.9165443784916618,0.0019025526485312292,17,0.9189129609444846,0.9181552888313654,0.9191623343340412,0.9173300822919842,0.9182809901183837,0.9183683313040518,0.0006415666521588855,0.9795995250513075,0.9796074671052286,0.9800336791021056,0.9797290543547613,0.9797931084471256,0.9797525668121058,0.0001585536406983218,13,0.9809617640726188,0.9812706481031042,0.9814076903462079,0.9810663694190143,0.9812029855156531,0.9811818914913196,0.00015563370234015114,0.9768630293124019,0.9775574635140059,0.9782617198438044,0.9768533872719442,0.9778712457024317,0.9774813691289175,0.0005555981781139807,13,0.9795941817028672,0.9799021033660569,0.9799096507341984,0.9797106490916762,0.9798492451931046,0.9797931660175807,0.00012246200193425345
2.0170031070709227,0.055263801364311436,0.127130126953125,0.010525778772078088,0.8,0.05,6,100,1.0,"{'colsample_bytree': 0.8, 'learning_rate': 0.05, 'max_depth': 6, 'n_estimators': 100, 'subsample': 1.0}",0.9128324296411051,0.908288148721921,0.908128485850031,0.9132927081181574,0.9131377814501136,0.9111359107562655,0.0023954870332632875,18,0.9142879274952554,0.9121964444788722,0.9130109220480777,0.911823181595187,0.9120297451522115,0.9126696441539208,0.0009039025502867218,0.8647026228297008,0.8548709560159942,0.8537248504622077,0.8629269188395152,0.8641725027644673,0.860079570182377,0.004769575065620071,18,0.8651998617670775,0.8598352613685628,0.861604997597309,0.8602720932891277,0.8609139612619625,0.861565235056808,0.001913179266656644,0.9767369079908199,0.9813269351137075,0.9827856025039123,0.9805946791862284,0.9783016899645316,0.97994916295184,0.002163011134966505,15,0.9794481247717908,0.9828386625632466,0.9820045379860731,0.9812482069738936,0.9807260967085702,0.9812531258007148,0.0011501616991436952,0.9173116488684236,0.9137445361826129,0.9137203550123673,0.918005567221761,0.917702319209316,0.9160968852988962,0.0019430685948219081,18,0.918786010495798,0.917231559347199,0.9178733362585929,0.9167864714052487,0.9169227017800536,0.9175200158573784,0.0007356162666644874,0.9796890371728021,0.9794766979071189,0.9797482154252698,0.9798445168745712,0.9796874720612749,0.9796891878882074,0.000120636895663514,15,0.9811339414086504,0.9810139902032698,0.9811628111494234,0.9811140172026293,0.9809325568753666,0.981071463367868,8.562351305096868e-05,0.9768942558742826,0.9773934117618115,0.9781663819647006,0.9767546503989984,0.9777550513055004,0.9773927502610587,0.0005263908405121327,14,0.9797763044658275,0.9796111026273941,0.9797630848349281,0.9797889602081806,0.9795813486850935,0.9797041601642847,8.900598754416212e-05
3.6427498340606688,0.08963944419315538,0.20286903381347657,0.01692110586979901,0.8,0.05,6,200,0.8,"{'colsample_bytree': 0.8, 'learning_rate': 0.05, 'max_depth': 6, 'n_estimators': 200, 'subsample': 0.8}",0.9192357345726827,0.9192873741285825,0.9179405081594711,0.9225366659781037,0.9221235281966536,0.9202247622070988,0.0017902457906646733,6,0.9270950333733555,0.9274307034870961,0.9267990394794599,0.9261535283637584,0.9263342714761548,0.9267625152359649,0.0004717278027300376,0.8889643134212568,0.884501102271638,0.8818529130850048,0.8919049927290353,0.8915277239240016,0.8877502090861873,0.003958299888162416,6,0.8952968202152097,0.8953052891004422,0.8939448744845547,0.8943690916563913,0.893983292288377,0.8945798735489949,0.0006072564965626851,0.9562904235343209,0.962653870227415,0.9632759520083464,0.9598330725091289,0.9594199874817442,0.960294661152191,0.002508625106912454,27,0.9656512440665589,0.9664075948046529,0.9668257569830216,0.9647654069843257,0.9657034061864275,0.9658706818049974,0.0007068536832622403,0.9213991355915168,0.9219241720365653,0.9207678883071553,0.9246231155778895,0.9242287207315848,0.9225886064489423,0.0015492276021776157,6,0.9291441334052725,0.92949867676755,0.928958051420839,0.9282344675298605,0.9284603811434303,0.9288591420533905,0.0004580908879013873,0.9821991849201805,0.9820988024790814,0.9823178579416796,0.9821119777868141,0.9822360385537015,0.9821927723362915,8.113887941761667e-05,5,0.9849452450767157,0.9852479073925072,0.9852276271906164,0.9851316718627898,0.9851081408384064,0.985132118472207,0.00010772723117356333,0.9799898436770015,0.9803200885615516,0.9809943836906858,0.9797974376833685,0.9805612250967592,0.9803325957418731,0.00042290997297892926,5,0.9840654735762346,0.9843642089833056,0.9843223204858365,0.9842999916804436,0.9842997135545406,0.9842703416560722,0.0001050958004553822
3.491182470321655,0.07966811645612562,0.2053072929382324,0.019205297528701207,0.8,0.05,6,200,1.0,"{'colsample_bytree': 0.8, 'learning_rate': 0.05, 'max_depth': 6, 'n_estimators': 200, 'subsample': 1.0}",0.9186676994577847,0.9169119545571908,0.917114232596571,0.9207291881842594,0.9209873992976658,0.9188820948186944,0.0017260831791938507,11,0.9247324321881818,0.9234930348451399,0.924126623460456,0.9238296883472333,0.9251981719125203,0.9242759901507063,0.0006153492104246612,0.8867432654243507,0.878810903219679,0.877912483424891,0.887615562403698,0.8902344506878512,0.8842633330320939,0.00496193579324694,10,0.8913148139232584,0.8875842938447559,0.8879409234298824,0.8903433837861251,0.8927123552123553,0.8899791540392755,0.001963505979367382,0.9580638431045274,0.9652618401836011,0.9670318205529473,0.9616066770996349,0.9585854370957646,0.9621099236072951,0.0035554374498765295,23,0.9657034061864275,0.9680507015805122,0.9690165088803693,0.9649740500221683,0.9648427312085963,0.9665174795756147,0.0016997405416468343,0.9210249210249211,0.9200099428287348,0.9203197140445812,0.9231308528218739,0.9231464737793852,0.9215263808998992,0.0013569172720677674,12,0.9270191778078214,0.9260728542914172,0.9267088181376033,0.9261576971214017,0.9273771026045975,0.9266671299925682,0.000498482122988614,0.9819878057416069,0.9815940313475269,0.9820565376404348,0.9819052974758864,0.9821582208696744,0.9819403786150259,0.00019203365093513512,10,0.9844562963816045,0.9842040895648736,0.9845026229717658,0.9844722646496515,0.9846459574658478,0.9844562462067487,0.0001428150770995168,0.9798056713992093,0.9796530565167885,0.9809415582172629,0.9793914092029232,0.9805093810352911,0.980060215274295,0.0005755671399988363,10,0.9835905280846395,0.9832337883858678,0.9835546195539719,0.9836191517493296,0.9837990731581102,0.9835594321863839,0.0001833184238760297
1.626350212097168,0.08786651889705191,0.09985618591308594,0.007567840938635252,0.8,0.1,3,100,0.8,"{'colsample_bytree': 0.8, 'learning_rate': 0.1, 'max_depth': 3, 'n_estimators': 100, 'subsample': 0.8}",0.9091143816163181,0.9059127291505293,0.9048750258211113,0.9099359636438752,0.9095228258624252,0.9078721852188518,0.0020663630054197236,23,0.9079747472791355,0.9091108615102573,0.9086989077951922,0.9079888455679207,0.9075886286761858,0.9082723981657382,0.0005516285135825275,0.8563103259879803,0.8512486427795874,0.8470018822264049,0.8563119149322912,0.8566096139839767,0.853496475982048,0.0038149332553638836,22,0.8547206691213237,0.8552040306840362,0.8537363408067691,0.8538426660621175,0.8527921078830664,0.8540591629114624,0.0008372366600193395,0.9810139787189651,0.981431253911955,0.9859154929577465,0.9829942618675013,0.9815355727102024,0.982578112033274,0.0017977751213695868,11,0.980804339888373,0.982786500443378,0.9841692095036904,0.9822653417833763,0.9829951489228522,0.9826041081083339,0.0010944999341028004,0.9144301828082458,0.911716251574765,0.911194677466011,0.9152904604624053,0.9148274185707341,0.9134917981764323,0.001692865196453573,23,0.9134321107602623,0.9145672540167953,0.9143244814886606,0.9135628782457885,0.913276309093993,0.9138326067210999,0.0005146386987005941,0.9758999840561535,0.9760050122520983,0.9755967443890258,0.9764220680268146,0.9763651029060455,0.9760577823260276,0.00030574203660376653,24,0.9764956127643181,0.976872168860604,0.9767343009957661,0.9769014887982935,0.9766315006508477,0.9767270144139658,0.0001511514610213165,0.9724431996686873,0.9727625612005123,0.9729380214768794,0.9729805389186064,0.9734401727998033,0.9729128988128977,0.00032448200972716115,24,0.9737794752779872,0.9742858741190341,0.9738012408561249,0.9743312279510953,0.9738125927121926,0.9740020821832868,0.00025086734817438147
1.4535340785980224,0.04418472277640751,0.09606070518493652,0.0031579827710487736,0.8,0.1,3,100,1.0,"{'colsample_bytree': 0.8, 'learning_rate': 0.1, 'max_depth': 3, 'n_estimators': 100, 'subsample': 1.0}",0.908288148721921,0.9042086238058352,0.904616814707705,0.9096261103077876,0.9104523858706879,0.9074384166827875,0.0025684648307738173,25,0.9068128122700337,0.9077940018332752,0.9088021895737045,0.9073562446745332,0.9082083193472592,0.9077947135397612,0.0006844652334135072,0.8536497011410976,0.8475231502292547,0.8473693661339559,0.8547496151408132,0.8582116788321168,0.8523007022954475,0.00424027583323621,25,0.8514770982021863,0.851985559566787,0.8548061435150526,0.8515260201664749,0.853495110467222,0.8526579863835446,0.0012994889788278156,0.9833089922804089,0.9834133110786564,0.9846635367762129,0.9847678664580073,0.98122261631546,0.983475264581749,0.0012797436731623636,8,0.983255959522195,0.9848208231182515,0.9826826278590616,0.9845082544401846,0.9833602837619321,0.9837255897403251,0.0008067057294862338,0.9139034322280396,0.9104254188999952,0.9108719779954639,0.9151638549544309,0.9156040105129952,0.913193738918185,0.00215632096203045,25,0.9126340506911327,0.9135999612881373,0.9142947271359588,0.9132012482763626,0.9138369810223224,0.9135133936827827,0.0005645110332619677,0.9755446451493508,0.9755394126746049,0.9757268284272832,0.9763931183804756,0.9764140456844217,0.9759236100632271,0.0003977210605739203,28,0.9762581267605923,0.9764438140389955,0.9767247239656176,0.9768756477859752,0.9767356892045306,0.9766076003511422,0.00022402315473591248,0.9716729563677642,0.9725817479805476,0.9729961659281195,0.9728648859274753,0.9736984883060229,0.972762848901986,0.0006574089691416322,28,0.9734089608365706,0.9737002713678173,0.9736408884219611,0.9743719687840147,0.9741287509087294,0.9738501680638185,0.00034951829663688096
2.5637837409973145,0.12971004807348235,0.1400148868560791,0.0045384282886670605,0.8,0.1,3,200,0.8,"{'colsample_bytree': 0.8, 'learning_rate': 0.1, 'max_depth': 3, 'n_estimators': 200, 'subsample': 0.8}",0.9150529305447973,0.9132971856442035,0.9101425325346003,0.9165978103697583,0.9156682503614956,0.9141517418909709,0.0022759268870495147,14,0.9160179196199182,0.9164310520675988,0.9157349789563376,0.9157091585117095,0.9157478891786517,0.9159281996668431,0.0002752218558501035,0.8761724301279015,0.870768076526306,0.8635647418667161,0.8771531326897596,0.8773844547783999,0.8730085671978166,0.005301725741845486,14,0.8753566459949539,0.8747971304245561,0.8729369842460615,0.8751473987076082,0.8746055668063862,0.8745687452359133,0.0008569465557252618,0.9647402461923639,0.9686000417275193,0.9720396452790819,0.9669274908711528,0.9644272897976215,0.9673469427735478,0.0027959575911842803,19,0.9682071879401178,0.9700067810755829,0.9711290196385259,0.9677907310330438,0.9686766470189349,0.969162073341241,0.0012337287759290843,0.918325803088228,0.9170823250530891,0.9145970354373221,0.919855094039998,0.9188490781692591,0.9177418671575793,0.0018087336779302801,14,0.9194437220591696,0.9199450882422053,0.9194187582562747,0.9191405040559787,0.9192406692406693,0.9194377483708596,0.00027748312408024876,0.979517970985186,0.9791921867598995,0.9793389729399489,0.9798127080039023,0.9799694944863386,0.979566266635055,0.0002888794540834532,16,0.9805847612344141,0.9806235190963801,0.9807873370265059,0.9806837716152315,0.9806970225543,0.9806752823053662,6.924516073523575e-05,0.9766151374921029,0.9762208618548588,0.9777005318903921,0.9767874994408048,0.9775935284315703,0.9769835118219458,0.0005730608196898598,16,0.9786128383742951,0.9789047346229391,0.9788152536315848,0.9788311556670596,0.9790317830471659,0.9788391530686089,0.00013657286062111371
2.2849775314331056,0.07136229540741,0.12744441032409667,0.013195461561811324,0.8,0.1,3,200,1.0,"{'colsample_bytree': 0.8, 'learning_rate': 0.1, 'max_depth': 3, 'n_estimators': 200, 'subsample': 1.0}",0.9135037438678028,0.9103537309579137,0.9109688080975005,0.9154616814707704,0.9148936170212766,0.9130363162830528,0.002050429467061078,16,0.9137069599907045,0.9137327807686846,0.9151152882852642,0.9136564331637791,0.9151411087298923,0.9142705141876648,0.0007007744572439076,0.8724927017609945,0.8651842203200596,0.8634304207119741,0.8732156273478587,0.8741515837104072,0.8696949107702588,0.004464866792435058,16,0.870806784107946,0.8695317241701294,0.8711214953271028,0.8700175336060784,0.8732348034493291,0.8709424681321171,0.001276790076812996,0.9665136657625704,0.9700605049029836,0.9742305685967658,0.970057381324987,0.9673482161485499,0.9696420673471712,0.0027000210814645156,18,0.9695112409368317,0.9714934014918366,0.9723808778655817,0.970581331664189,0.9692765113974232,0.9706486726711725,0.0011743265251779895,0.9170997277901509,0.9146257499754107,0.9154901960784314,0.919092571541541,0.9183916014657819,0.9169399693702631,0.0016866480727451907,16,0.9175120325805257,0.9176890859817689,0.9189702130806108,0.917552207894672,0.9187525494122446,0.9180952177899645,0.0006320774320958711,0.9790509952828359,0.9787839150504684,0.979105855472718,0.9795713062542386,0.9799167696447618,0.9792857683410044,0.0004047315899398989,19,0.9801652759068422,0.9801734922908647,0.9803510985859057,0.9804277224948518,0.9805855536270253,0.9803406285810979,0.00015897568922178072,0.9757626763200912,0.9761806343034791,0.9773996643697695,0.9764949384008239,0.9774595866352502,0.9766595000058829,0.0006706217273926375,18,0.9781426823134663,0.9783657132597154,0.9783522590740815,0.9785343077656785,0.9787883622797082,0.97843666493853,0.00021531809770876232
2.1363770961761475,0.07319191907829563,0.14062786102294922,0.00957599919381808,0.8,0.1,6,100,0.8,"{'colsample_bytree': 0.8, 'learning_rate': 0.1, 'max_depth': 6, 'n_estimators': 100, 'subsample': 0.8}",0.9202168861347793,0.9188226181254842,0.9183536459409213,0.9224850237554224,0.9211939681883908,0.9202144284289997,0.0015175476734409173,7,0.9270950333733555,0.9269530190944654,0.9271605257042527,0.9260115159183041,0.9263600919207828,0.9267160372022321,0.0004517556477333099,0.890681177728112,0.8828587808140645,0.8827467482785004,0.8926559160676122,0.8908826382153249,0.8879650522207226,0.004270797423191865,5,0.8960821844789572,0.893555534148926,0.8952737821830049,0.8962768542821036,0.89345645674607,0.8949289623678123,0.0012099762339559102,0.9561861047360735,0.9639056958063843,0.9629629629629629,0.9586854460093897,0.9581681619027749,0.959981674283517,0.0029550434915699983,28,0.9645819206092535,0.9677116478013666,0.9658347025532692,0.9618444044545289,0.9664858379844556,0.9652917026805747,0.001998229117065074,0.9222719726316848,0.9216038300418911,0.9211117209720073,0.9244931837617586,0.9233011660635304,0.9225563746941745,0.0012150056603042355,7,0.9290711549331157,0.9291563368642476,0.9292166407386963,0.9279037878501969,0.9285374226364981,0.9287770686045509,0.0004987192213075868,0.9823875273419473,0.9818566471748359,0.9822927223725716,0.9821872137941785,0.9819921301505993,0.9821432481668266,0.00019438344240585483,6,0.9852372332611521,0.984967312793949,0.9851701816787656,0.9851353870583889,0.9848688043073932,0.9850757838199297,0.0001364814316643776,0.9803095938549962,0.979572932103836,0.9811639415321936,0.9800636657139141,0.9803354593472484,0.9802891185104375,0.0005160685932599457,6,0.9843473463292409,0.9840531129667348,0.9841615475042926,0.9842788958248635,0.9839489768887568,0.9841579759027776,0.00014503266220456336
1.9846283435821532,0.12650911548120045,0.13887939453125,0.02010592747099556,0.8,0.1,6,100,1.0,"{'colsample_bytree': 0.8, 'learning_rate': 0.1, 'max_depth': 6, 'n_estimators': 100, 'subsample': 1.0}",0.9196488510198813,0.9176349083397882,0.9189217103904153,0.9213488948564347,0.9204709770708531,0.9196050683354745,0.0012760214956136964,9,0.9254295931936429,0.924835715300102,0.925985695473676,0.9248625061323555,0.9246430323530171,0.9251513084905587,0.0004929491879548716,0.8878477588871716,0.8819424529203709,0.8822856052656682,0.8887174541947926,0.8894482090997096,0.8860482960735426,0.0032538491112366528,9,0.8918704274162496,0.8915807725652635,0.8927590692296574,0.891305917174002,0.8912023107473823,0.891743699426511,0.0005582716158181991,0.9587940746922595,0.9624452326309201,0.9649452269170579,0.9615023474178404,0.9584811182975173,0.961233599991119,0.0024018281548829927,24,0.9665380001043242,0.965573000886756,0.9665910335654487,0.9660172652113814,0.9656512440665589,0.9660741087668938,0.00042791617693956134,0.9219580700170529,0.9204369731131841,0.9217659956149094,0.9236782761212728,0.9226752359911629,0.9221029101715164,0.0010695018551278677,9,0.9277042080757003,0.9271028973530664,0.9282091738983433,0.9271589486858574,0.9269342946912514,0.9274219045408436,0.000470778729340019,0.9820016469974331,0.9817422047914022,0.9821970077043827,0.9818056033648803,0.9820348210558139,0.9819562567827825,0.0001641391666688956,9,0.9846981291175227,0.9845474330666086,0.9851203429165544,0.9846010169801208,0.9846506721395054,0.9847235188440624,0.00020466242096601111,0.9798081206940563,0.9800667742860034,0.9809624769259166,0.9792097770477171,0.9804112472555236,0.9800916792418434,0.0005863769280604824,9,0.9838549696156679,0.9836764745142943,0.9842615096824227,0.9837372163907051,0.9837880214966129,0.9838636383399406,0.00020741623168059477
3.62678918838501,0.046256932678481,0.20153794288635254,0.012182752774620982,0.8,0.1,6,200,0.8,"{'colsample_bytree': 0.8, 'learning_rate': 0.1, 'max_depth': 6, 'n_estimators': 200, 'subsample': 0.8}",0.9223341079266718,0.9234701781564678,0.9210906837430283,0.9258934104523858,0.9220202437512911,0.9229617248059689,0.0016513261168979569,2,0.9417483248770285,0.9417095937100585,0.9434274058199282,0.941490872472824,0.9421622040331534,0.9421076801825986,0.0006946523496257069,0.9012112787926926,0.8967103974936362,0.8948348524943645,0.9034653465346535,0.9020310633213859,0.8996505877273465,0.003301237036560224,2,0.9216311879954135,0.9197419034619679,0.9226212698175664,0.9201690070833851,0.9210644118378513,0.9210455560392369,0.0010289841937249618,0.9469017316920509,0.9554558731483414,0.952529994783516,0.9520083463745436,0.9451283121218443,0.9504048516240593,0.003813501427251491,31,0.9643211100099108,0.9665901622241928,0.9667996766032914,0.9655738987559659,0.9659381357258359,0.9658445966638393,0.0008798959249449206,0.9234917082103978,0.9251515151515152,0.9227814837275117,0.9271018542037084,0.9230769230769231,0.9243206968740113,0.0016142160744982298,2,0.9424929900586286,0.9425842796647889,0.9441939838516594,0.9423248237420143,0.9429677156533252,0.9429127585940833,0.0006744375226271257,0.9833298261706817,0.9832047054850652,0.982852180822681,0.9831750171220061,0.9831195423867826,0.9831362543974433,0.00015788300654937513,1,0.989716304412424,0.9896380739014219,0.9899544621501096,0.98969617037711,0.9896522054519268,0.9897314432585984,0.00011507150270033665,0.9816108074528382,0.981437297480921,0.9818510444327593,0.9811111362488772,0.9817202812893057,0.9815461133809403,0.0002563391250360884,2,0.9891980017893784,0.9891304989752683,0.9893852313319464,0.9891719462853976,0.9891516988987042,0.9892074754561389,9.163582998592352e-05
3.255747079849243,0.08536131549649723,0.18841867446899413,0.020002211986493806,0.8,0.1,6,200,1.0,"{'colsample_bytree': 0.8, 'learning_rate': 0.1, 'max_depth': 6, 'n_estimators': 200, 'subsample': 1.0}",0.9225923057061709,0.9229021430415698,0.9197996281759967,0.9251704193348482,0.92238173931006,0.9225692471137291,0.0017078288297170136,3,0.9369843913397111,0.9372813302864815,0.9386893542306799,0.937863100002582,0.9376436262232436,0.9376923604165397,0.0005823555056549358,0.9005448241703814,0.8950502782387972,0.8913467160397583,0.9026128266033254,0.9014602165491209,0.8982029723202766,0.0043008942095207085,3,0.9139061378986171,0.9137300449760293,0.9149046536903468,0.9150574371162606,0.9149990093124628,0.9145194565987433,0.0005774255241750692,0.9483621948675152,0.9563947423325684,0.9543035993740219,0.9514866979655712,0.946693094095556,0.9514480657270464,0.003598820042082218,29,0.9634604350320797,0.9643471910698451,0.9659911848316511,0.9639569152126855,0.9635386782118825,0.9642588808716288,0.0009226122251518302,0.9238351709770845,0.9247062383377881,0.9217513981962009,0.926405607191833,0.9235231262402687,0.9240443081886349,0.0015222805086332655,3,0.9380292777065373,0.9383565120292356,0.9397541451533105,0.9388708960436909,0.9386417337838868,0.9387305129433322,0.0005842978001654551,0.9833103737390829,0.9830466271425118,0.9828957093124776,0.9831552746047589,0.9832244212931204,0.9831264812183903,0.00014413196903975285,2,0.9884406645351388,0.9884075572916673,0.9887986225932319,0.9886974828606349,0.9888109195778475,0.9886310493717041,0.0001738059722310911,0.9817900950653645,0.9811138428681541,0.9819417874984758,0.9811746166913884,0.9818380325657541,0.9815716749378274,0.00035295962961913625,1,0.9879116429618691,0.9878049492246722,0.9882292592918148,0.9881594110029479,0.9882914796755071,0.9880793484313621,0.00018830984855978315
1.6752410411834717,0.053540749432213805,0.10072174072265624,0.0057392433430453905,1.0,0.05,3,100,0.8,"{'colsample_bytree': 1.0, 'learning_rate': 0.05, 'max_depth': 3, 'n_estimators': 100, 'subsample': 0.8}",0.9042086238058352,0.8990963077717532,0.8984197479859534,0.9038421813674861,0.9054947324932865,0.9022123186848627,0.002881285943005437,30,0.9017002982299857,0.9025911150702971,0.9031733326447882,0.9022437966381781,0.9021663353042939,0.9023749755775086,0.0004899017224320951,0.8416261599646487,0.8347368421052631,0.8333041652082605,0.8412726469288555,0.8434898139946856,0.8388859256403427,0.004068711204856566,30,0.8386826558504541,0.8394057616434129,0.8394787241068087,0.8384329425221618,0.838706125864271,0.8389412419974217,0.0004207565251885216,0.993427915710411,0.9926976841226789,0.9935315597287429,0.993114241001565,0.993427915710411,0.9932398632547617,0.00030514044204228035,3,0.9922800062594543,0.9932450054770225,0.9945752810160916,0.9940797538012154,0.9934014918366283,0.9935163076780824,0.0007815529187122825,0.9112482656332233,0.9068903078242638,0.9063912815875886,0.9109090909090909,0.9123395286453344,0.9095556949199001,0.0024316252442067345,30,0.9090387785821805,0.9098684760664668,0.910469141697505,0.9096463175982054,0.9095228998519509,0.9097091227592617,0.00046712033529166424,0.970723887758819,0.9715334172079655,0.9708590256777014,0.970909648884585,0.9708530365134571,0.9709758032085055,0.0002854749774924896,30,0.9713323230253726,0.9720130800299541,0.9718202797198903,0.9714799395990008,0.9708559597440933,0.9715003164236622,0.00040227740533810714,0.9661230787653601,0.9675850167951059,0.9668994612027136,0.9661350972449833,0.9666195343417657,0.9666724376699858,0.0005436302133964646,30,0.9673349824137449,0.9680992484149666,0.9678271227638859,0.9676105765014019,0.9665295712744759,0.9674803002736951,0.0005376536891286044
1.4970486164093018,0.052552565903736505,0.08704791069030762,0.012399139548850552,1.0,0.05,3,100,1.0,"{'colsample_bytree': 1.0, 'learning_rate': 0.05, 'max_depth': 3, 'n_estimators': 100, 'subsample': 1.0}",0.9042086238058352,0.8990446682158534,0.8981098946498657,0.9039971080355298,0.9051332369345176,0.9020987063283205,0.002915538516376818,31,0.9016486566740256,0.9028751436280775,0.9025794624183429,0.9021276046373519,0.9019855921918976,0.902243291909939,0.00043488641228306586,0.841686555290374,0.8346636259977195,0.8324598183088749,0.841133874955846,0.8420587975633442,0.8384005344232317,0.0040226500056772235,32,0.8386087109857168,0.8393490277257812,0.8386891015066534,0.8381480015829046,0.8377784612680698,0.8385146606138252,0.00053138910352093,0.9933235969121635,0.9926976841226789,0.9942618675013041,0.9937402190923318,0.9949926976841227,0.9938032130625201,0.0007850390675672954,1,0.9922800062594543,0.9940535183349851,0.9944709594971702,0.994288396839058,0.9945751395336706,0.9939336040928677,0.0008455721926861759,0.9112397722379061,0.9068470958212227,0.9061950268625494,0.9110909177865991,0.9121599005403338,0.9095065426497222,0.002473597854045463,31,0.908995341058416,0.9101742068751418,0.9099608629247804,0.9095659020148159,0.9094681612210828,0.9096328948188473,0.0004095562994909865,0.9709152811240667,0.9707450683472145,0.9705963184392817,0.9702650698325535,0.970082631839736,0.9705208739165705,0.00030626913372780006,32,0.9715543054175665,0.9707928511531339,0.9717522553685969,0.9709568504601334,0.9702263807864941,0.971056528637185,0.0005478000395163458,0.9663366439182559,0.9666196423221807,0.9665921866019411,0.96534243398544,0.9657599457421407,0.9661301705139917,0.0005006531740259274,32,0.967614407146413,0.9665465816835447,0.9677201701257843,0.9668356100877189,0.9656796049180172,0.9668792747922957,0.0007482410919269948
2.5583066940307617,0.08575846813356348,0.1338038921356201,0.006126012063283562,1.0,0.05,3,200,0.8,"{'colsample_bytree': 1.0, 'learning_rate': 0.05, 'max_depth': 3, 'n_estimators': 200, 'subsample': 0.8}",0.9092693002840175,0.9055512522592306,0.9048750258211113,0.9104523858706879,0.9096261103077876,0.9079548149085671,0.0022812792488888633,22,0.9079231057231755,0.9086073563396465,0.9090216633530429,0.9075111673423016,0.9083503317927135,0.9082827249101759,0.0005254737516025323,0.8556373217043699,0.8496979532954648,0.8475626178292486,0.8563129708632115,0.8568956094006194,0.8532212946185828,0.00382964215256964,23,0.8529425068982676,0.85353386859663,0.8546690843155031,0.8519630641410607,0.8536756548710634,0.853356835764505,0.0008909826321169019,0.9824744418944293,0.983100354683914,0.9849765258215962,0.984246218049035,0.9813269351137075,0.9832248951125365,0.0012878084632135993,9,0.9835689322414063,0.9842731208596317,0.9834389588712412,0.9841692095036904,0.9834124458818007,0.9837725334715539,0.0003715718382116066,0.9146797455446025,0.9115442278860569,0.9111175448755067,0.915833414231628,0.9148998249367827,0.9136149514949153,0.0019095129814168704,22,0.9136101555307912,0.9142531826495633,0.9145434922328802,0.9133065492037369,0.9139629867532814,0.9139352732740507,0.00044108053990710746,0.9762201357703987,0.9759010454857909,0.9764435175436617,0.9763799211398191,0.9766218244485112,0.9763132888776364,0.00024298793296031727,22,0.9768296323621392,0.9768385381956305,0.9774532286828342,0.9768381867859862,0.9770579412496214,0.9770035054552423,0.0002408279671462953,0.972865712673914,0.9727482079261123,0.9739602989081912,0.9727012168158162,0.9738194529008368,0.9732189778449742,0.0005522000167306538,22,0.9741783489620621,0.9740951066905947,0.9746131976526284,0.9742477766105705,0.9744435051197129,0.9743155870071138,0.00018813784346370448
2.4493692398071287,0.14489640062870676,0.14748592376708985,0.01861577410573572,1.0,0.05,3,200,1.0,"{'colsample_bytree': 1.0, 'learning_rate': 0.05, 'max_depth': 3, 'n_estimators': 200, 'subsample': 1.0}",0.908856183836819,0.9038987864704363,0.9042036769262549,0.9095744680851063,0.9085932658541623,0.9070252762345558,0.002451348775179909,28,0.907626166776405,0.907600345998425,0.9084665237935398,0.9070593095613106,0.9072142322290789,0.9075933156717518,0.0004883621252766691,0.8542440438445511,0.8468169165843584,0.8455211871982836,0.8548007246376812,0.8547567175018156,0.851227917953338,0.004155432546354046,27,0.8521328726599372,0.8510480221536799,0.8526710149179625,0.8513537906137184,0.8513906746971646,0.8517192750084925,0.0005948124536491749,0.9837262674733988,0.9838305862716461,0.9867501304121022,0.9845592070944184,0.9822658042979345,0.9842263991099001,0.0014649718300183481,6,0.9841687966198946,0.9858901465755568,0.9853428265915551,0.9840648879847691,0.9843774450993689,0.9847688205742291,0.0007204969823366744,0.9144242424242425,0.9101964001351156,0.9106927928361658,0.9151030303030303,0.9140860110668867,0.9129004953530881,0.0020378662469023195,28,0.9134039334341906,0.913519979700093,0.9142186516962687,0.9129114597824903,0.9130671440494478,0.913424233732498,0.00045412101011317314,0.9760582010779559,0.9753881882872489,0.9758806877693426,0.9764439069529454,0.9760453185269631,0.9759632605228912,0.0003418463255871757,27,0.9766747892793382,0.9763170890259227,0.97699050247117,0.9769516722762486,0.9765393461499877,0.9766946798405334,0.0002532410527276895,0.9725994778544752,0.9721456771643234,0.973253877912434,0.972782279038013,0.973105532048226,0.9727773688034944,0.00039126862211010346,27,0.973934552587413,0.9734103812377195,0.9741324278707445,0.9743554229096179,0.9739050659473529,0.9739475701105695,0.00031338929212792663
2.1994102001190186,0.04234790921197818,0.1344212532043457,0.014659441733474183,1.0,0.05,6,100,0.8,"{'colsample_bytree': 1.0, 'learning_rate': 0.05, 'max_depth': 6, 'n_estimators': 100, 'subsample': 0.8}",0.9111799638523108,0.9081848696101213,0.9101425325346003,0.9123115058872134,0.912827928114026,0.9109293599996544,0.0016570464923093698,19,0.9122609964238223,0.9111894341376505,0.9137468047199773,0.9110485682563454,0.9123395904877482,0.9121170788051087,0.0009724679644454601,0.8612233651726672,0.854522339266255,0.8560406644277027,0.8619550252409363,0.8640973630831643,0.8595677514381451,0.003656611586308109,19,0.8616167637213994,0.8582587506547334,0.8626139539145173,0.8598494382536668,0.8621006243114212,0.8608879061711476,0.0016107162241578996,0.9781973711662841,0.9816398915084498,0.9839332290036515,0.9797600417318727,0.977675777175047,0.9802412621170611,0.0023055394133099,14,0.9801783944499505,0.9829169057430494,0.9821871006441854,0.9800485095062984,0.9796046111313964,0.980987104294976,0.001312279238974696,0.9159910129920875,0.9136809398970774,0.9155421803708378,0.91708984375,0.9173844949099452,0.9159376943839895,0.0013170341640421344,19,0.9170815031722792,0.9163677920562168,0.9185253838367825,0.9160227189625332,0.9171041386888048,0.9170203073433232,0.0008598821608250139,0.9791333814244523,0.9791900639006242,0.9799473529317158,0.9798151084720895,0.9794289101636554,0.9795029633785074,0.0003270771826651275,17,0.9805920621308923,0.980633860171633,0.9812697273710858,0.9808187598335042,0.9804500672680116,0.9807528953550253,0.00028397007360107395,0.9760599395380893,0.9771107870802385,0.9783187447125461,0.9768161183778515,0.977493819785974,0.9771598818989398,0.0007463155351463619,15,0.9792026527388953,0.9792259568266277,0.9797737821716804,0.9794721883554877,0.9789633716649151,0.9793275903515213,0.0002751689500042127
2.0056869983673096,0.06661710813518354,0.11910529136657715,0.008125792831239986,1.0,0.05,6,100,1.0,"{'colsample_bytree': 1.0, 'learning_rate': 0.05, 'max_depth': 6, 'n_estimators': 100, 'subsample': 1.0}",0.911128324296411,0.9072553576039246,0.9071989258417682,0.9114852303243132,0.9118983681057633,0.9097932412344362,0.0021094150224965635,20,0.9126353977045328,0.9106471978000698,0.9111518500348575,0.9098608278034548,0.9111776704794856,0.9110945887644801,0.0009062668920562044,0.8612106181684578,0.8520426608821403,0.8502428494333514,0.8585223649448848,0.8618662747979426,0.8567769536453553,0.004768921834613625,20,0.8617252835376332,0.8563845473311708,0.8571136688687598,0.8559462465666356,0.8585494826092902,0.857943845782698,0.002086963126533783,0.9780930523680367,0.9834133110786564,0.9862284820031298,0.9832029212310902,0.9789276027540162,0.981973073886986,0.003033966621513017,13,0.9809086641281102,0.9846121746387774,0.9846647367185666,0.9834128784915108,0.9824213656042982,0.9832039639162528,0.001417139453553524,0.9159380647682314,0.9130266343825666,0.9132009853644399,0.9166423499659566,0.9166748070723845,0.9150965683107157,0.0016411127917141338,20,0.9174625245465745,0.9160327570518654,0.9164724730556365,0.9152628768386815,0.9163179916317992,0.9163097246249114,0.0007110702326136803,0.978972097457717,0.97861396896448,0.9792290688375862,0.9794241842262247,0.9791976228628568,0.979087388469773,0.00027679392155855967,20,0.9802996245374213,0.9802743616152993,0.9806053667860694,0.9804941452847976,0.9802136404860919,0.9803774277419359,0.00014770336686863454,0.9757555041476879,0.9764075343457097,0.9774067332559342,0.9765176327957836,0.9771988317572876,0.9766572472604806,0.000591613455659674,19,0.9787101887360402,0.9788302177783199,0.9790936987901147,0.9790189385127768,0.9786875201342432,0.978868112790299,0.0001628663182745189
3.635918378829956,0.09524409241119541,0.19630274772644044,0.013895718138319926,1.0,0.05,6,200,0.8,"{'colsample_bytree': 1.0, 'learning_rate': 0.05, 'max_depth': 6, 'n_estimators': 200, 'subsample': 0.8}",0.9187193390136845,0.9191840950167829,0.9172175170419334,0.9226399504234662,0.9209873992976658,0.9197496601587065,0.0018803696629193104,8,0.9256748905844533,0.926088023032134,0.9265279248108652,0.9267215781455757,0.925495107025743,0.9261015047197543,0.00047248802887582336,0.8869783616692427,0.8833763502533218,0.879950495049505,0.8921540102802832,0.8895551257253385,0.8864028685955383,0.004339043342064965,8,0.8932252069606352,0.892380242042201,0.8927540415704388,0.895168509423463,0.8921476558549447,0.8931351311703365,0.0010800865840960487,0.9578552055080325,0.9640100146046318,0.964319248826291,0.9597287428273343,0.9595243062799916,0.9610875036092562,0.0025970296661302064,25,0.9652339471076105,0.9673465129622868,0.9678428917925045,0.9649740500221683,0.9663032705649157,0.9663401344898972,0.001128031328190344,0.9210552713411576,0.9219334563775129,0.9202050873612425,0.9247084841174106,0.9232158988256549,0.9222236396045957,0.0015926628317430502,8,0.9278345346286431,0.9283524184969651,0.9287832713894207,0.9287614840102415,0.9277459904095354,0.9282955397869612,0.00044107858644979017,0.9819059263126316,0.9820039458726784,0.9821817247235901,0.982294376028434,0.9822085772541833,0.9821189100383034,0.00014237488174724235,8,0.9847362795438349,0.9850741954646454,0.985070237116325,0.9851110579279839,0.984925653430299,0.9849834846966177,0.0001389130649354807,0.9795193039365941,0.9802238480096566,0.9810001110862183,0.979839313256693,0.980595969324662,0.9802357091227648,0.0005262327496873876,7,0.9838377992600392,0.9841639739388244,0.9841502167675436,0.98423644655876,0.9840549811047115,0.9840886835259758,0.00013810696436887835
3.374483251571655,0.0530719590241885,0.19194302558898926,0.006158178594338688,1.0,0.05,6,200,1.0,"{'colsample_bytree': 1.0, 'learning_rate': 0.05, 'max_depth': 6, 'n_estimators': 200, 'subsample': 1.0}",0.9178931061192874,0.9171701523366899,0.9172175170419334,0.9207808304069407,0.9212456104110721,0.9188614432631848,0.001781512573062215,12,0.9238287049588804,0.9233897517332197,0.9233003692323581,0.9234036510108704,0.9239717007926876,0.9235788355456032,0.0002686125920300532,0.8842752787389465,0.8785091047040972,0.8776495079485238,0.8859909866717807,0.8881078478574868,0.882906545184167,0.0041331509434491,12,0.888006506243123,0.8867303102625298,0.8861978545887962,0.8886650357365569,0.8885190949359512,0.8876237603533914,0.0009862893255821825,0.9597329438764866,0.9663050281660756,0.9676577986437142,0.9640062597809077,0.9621322762361778,0.9639668613406723,0.0028419484201746264,21,0.9682332690000521,0.9690157007980804,0.9695641968547062,0.9663302297681454,0.967842053101038,0.9681970899044045,0.0011092007965979747,0.9204602301150575,0.9203179334326875,0.9204584925321292,0.9233536524432897,0.9236392769515798,0.9216459170949488,0.0015145438159330222,11,0.92638618555672,0.9260487026744099,0.9260084938911237,0.9258717842997614,0.9264858252087832,0.9261601983261597,0.00023483239199711655,0.9816514232213964,0.9815547051127647,0.9819950856548396,0.9818282584501948,0.98200960552302,0.981807815592443,0.00018151068917830835,12,0.9841042814191908,0.984294886859375,0.9843661745456034,0.9842692280766678,0.9843107295666977,0.984269060093507,8.830246130761846e-05,0.9792621543049068,0.9795721542649478,0.9807257168671699,0.9792289019953018,0.9803430330431948,0.979826392095104,0.0006026107354547193,12,0.9831619156854864,0.9833118713807757,0.9834163477648473,0.983391279146877,0.9834236769380275,0.9833410181832027,9.793918609968055e-05
1.683944034576416,0.13267843910830984,0.10262913703918457,0.006237318198155564,1.0,0.1,3,100,0.8,"{'colsample_bytree': 1.0, 'learning_rate': 0.1, 'max_depth': 3, 'n_estimators': 100, 'subsample': 0.8}",0.9098373353989155,0.9056028918151304,0.9057529436066928,0.9105556703160504,0.9096261103077876,0.9082749902889156,0.00214330486190021,21,0.907600345998425,0.9087881017855068,0.9096542642464304,0.9080017557902347,0.9081050375687469,0.9084299010778688,0.0007217172898297256,0.8564932702801018,0.8514860456687205,0.8483569761177949,0.8579633512626493,0.8568956094006194,0.8542390505459772,0.00369288675209446,21,0.8536275599301476,0.8549445062302822,0.8555870674985819,0.8542314413453465,0.8534045635639261,0.854359027713657,0.0008140260462172421,0.9824744418944293,0.980283747131233,0.985811163275952,0.9818466353677622,0.9813269351137075,0.9823485845566168,0.0018742766936996435,12,0.9816650148662042,0.9824213656042982,0.9834911196307018,0.9816654930495788,0.983255959522195,0.9824997905345956,0.0007685802618243159,0.9151685939170149,0.9113568034138299,0.9119336003474401,0.9157341636664397,0.9148998249367827,0.9138185972563015,0.0018041386433350424,21,0.913180081276157,0.9142607492627517,0.9150913635370914,0.9135257141470281,0.9137400324777625,0.9139595881401583,0.0006656869914148473,0.9762810692989381,0.976141926007708,0.9764645936543463,0.976841717875321,0.9766756908437199,0.9764809995360068,0.0002542575606966472,21,0.9769475272211354,0.9771218412504191,0.9775051880802936,0.9773012513791588,0.9769966711616912,0.9771744958185398,0.00020558852130734672,0.9729483666188007,0.9729951670961485,0.9740470449844725,0.9731142689110812,0.9737466574543386,0.9733703010129684,0.0004436063794976452,21,0.9744022947285438,0.9744596760341259,0.9747806438395332,0.9746674913739672,0.9742730132003328,0.9745166238353006,0.00018337279789445467
1.440614938735962,0.02562148355579903,0.08889002799987793,0.008025222772759459,1.0,0.1,3,100,1.0,"{'colsample_bytree': 1.0, 'learning_rate': 0.1, 'max_depth': 3, 'n_estimators': 100, 'subsample': 1.0}",0.9085979860573199,0.9041569842499354,0.9037388969221235,0.9101941747572816,0.9097810369758315,0.9072938157924983,0.0027848293204585876,26,0.9075099732754948,0.9078972849451954,0.90859562601668,0.9071496811175088,0.9081954091249451,0.9078695948959649,0.0005062897188763824,0.8546279491833031,0.8475094407480669,0.8446567270779395,0.8563771802325582,0.8567397833803586,0.8519822161244452,0.004952142333634717,26,0.8528998958663467,0.8517424823046752,0.8521163246457775,0.8520603060509482,0.8534917940011318,0.8524621605737759,0.0006404347802420221,0.9824744418944293,0.9833089922804089,0.9870631194574857,0.9835159102764737,0.9819528479031921,0.9836630623623979,0.0017913715260971788,7,0.9826300140837724,0.9854728496166084,0.9865686044388806,0.9831259943144772,0.9833342027019978,0.9842263330311474,0.001522820734207044,0.9141026885373192,0.9103728027815337,0.910324256711248,0.9155538289710096,0.9150828756136684,0.9130872905229557,0.0022847321261166304,26,0.9131804740898735,0.9137405687753918,0.9144266099400503,0.9129129129129129,0.9138238181223263,0.913616876768111,0.0005291133439040837,0.9759540636294958,0.9754181803417813,0.9757607763818256,0.9764299949062066,0.9767145036672037,0.9760555037853026,0.0004642973106133389,25,0.9765866774371921,0.9762629365707888,0.9768807131738012,0.9769944030264921,0.9770156235363741,0.9767480707489297,0.00028679646782630544,0.9721424527255631,0.9722591393802535,0.9732300476187107,0.9729570508718938,0.9738301728216457,0.9728837726836133,0.0006262062421745514,25,0.9738713676117001,0.9733344595034221,0.9740211012798111,0.9743931878410685,0.9743729896824856,0.9739986211836975,0.00038823811864561406
2.6007707118988037,0.11318280790493732,0.13009090423583985,0.01509928683046799,1.0,0.1,3,200,0.8,"{'colsample_bytree': 1.0, 'learning_rate': 0.1, 'max_depth': 3, 'n_estimators': 200, 'subsample': 0.8}",0.9148980118770978,0.9135037438678028,0.9123631481098946,0.9167527370378021,0.9169076637058459,0.9148850609196886,0.0017803024944134766,13,0.9163148585666886,0.9167150806253792,0.9175165896356735,0.9159544527356761,0.916341759405097,0.9165685481937029,0.0005316312899534437,0.8766369330043652,0.871932299012694,0.8675675675675676,0.8769739952718676,0.8792431301702006,0.8744707850053391,0.0041912255795345495,13,0.875176636834668,0.876241712087964,0.8761949611490464,0.8757524965178592,0.8764591899428139,0.8759649993064702,0.0004561468227767095,0.9636970582098894,0.9673482161485499,0.9712050078247262,0.9675534689619196,0.9646359273941164,0.9668879357078403,0.0026285031828320047,20,0.969172187157686,0.9685462417192635,0.9705030905249981,0.9674777664762799,0.9673465129622868,0.9686091597681028,0.0011646681906211467,0.9181077320612204,0.9171653231788734,0.9164656657642136,0.9200396825396825,0.9199621946973089,0.9183481196482598,0.0014468620933010224,13,0.9197792133858073,0.9200847342145362,0.9209409377204163,0.9193328542043567,0.9196627820481031,0.9199601043146439,0.0005462840911097121,0.9796600425420998,0.9793092427137975,0.979684453655841,0.9797957340266311,0.9799970624731121,0.9796893070822964,0.00022421818317001904,14,0.9808180455303761,0.9807012428553549,0.9810275932317818,0.9808550363315225,0.9807434605229379,0.9808290756943947,0.00011302745168245519,0.976393020329195,0.9762699666259831,0.9778829382228884,0.9768874358464381,0.9773326819760906,0.976953208600119,0.0005988912695565026,17,0.9787390144023984,0.9788829781336386,0.978927414005136,0.9789117927913141,0.9789561370088338,0.9788834672682641,7.60018576637525e-05
2.384301280975342,0.1533151053893316,0.14602837562561036,0.01087612839486904,1.0,0.1,3,200,1.0,"{'colsample_bytree': 1.0, 'learning_rate': 0.1, 'max_depth': 3, 'n_estimators': 200, 'subsample': 1.0}",0.9144848954298993,0.9116963594113091,0.9112270192109069,0.9151518281346829,0.9139124147903326,0.9132945033954261,0.0015541594462573157,15,0.9153594897814271,0.9141588236053553,0.915476774510057,0.9142632136125384,0.9143923158356787,0.9147301234690113,0.0005678189989285863,0.8743391238670695,0.8660531697341514,0.8643015931826602,0.8727238595832552,0.8723084156088388,0.8699452323951948,0.003990250657210307,15,0.8730576029294399,0.8695287176736702,0.8721441947565544,0.8709224505077924,0.8714014663512216,0.8714108864437357,0.0011858021712421079,0.9660963905695806,0.9719382432714375,0.9735002608242045,0.970057381324987,0.9677654913415398,0.9698715534663498,0.002689260433767985,17,0.9700589431954515,0.9725105628292734,0.9717027879925931,0.97065957280338,0.9702415106149914,0.971034675487138,0.0009323608539005234,0.9179304192685103,0.9159457333857648,0.9156567391197684,0.9188200998073027,0.9175609514860789,0.9171827886134849,0.001203484889281566,15,0.9190057323581735,0.9181409664512158,0.9192356562180033,0.9180902105405973,0.9181691409672602,0.9185283413070501,0.0004897426529310725,0.9793714083541276,0.9788387093553257,0.979174236809814,0.9794151958064566,0.9799019721224496,0.9793403044896347,0.0003467629860631277,18,0.980423299036645,0.9802371966883248,0.9805982984464164,0.9804172813416778,0.98048096501618,0.9804314081058487,0.00011686887549929165,0.9762346816255779,0.97575325967892,0.9774264356730523,0.9763873424571388,0.9774116754148598,0.9766426789699099,0.0006675860011994497,20,0.9784312301229984,0.9783783186870825,0.9783898129076566,0.9784613629403136,0.9786193149761205,0.9784560079268344,8.686680219281378e-05
2.1525348663330077,0.06115153583531044,0.11816539764404296,0.011095132095618148,1.0,0.1,6,100,0.8,"{'colsample_bytree': 1.0, 'learning_rate': 0.1, 'max_depth': 6, 'n_estimators': 100, 'subsample': 0.8}",0.9190808159049833,0.9201652465788794,0.9191282792811403,0.9231563726502788,0.9201094815120843,0.9203280391854731,0.0014878661779165012,5,0.9259330983642537,0.9264495139238546,0.926876500813344,0.9251078003563221,0.9250303390224379,0.9258794504960426,0.0007264150292306714,0.8880286460853576,0.8854266538830298,0.884235745088644,0.8918029613858511,0.8877206520690653,0.8874429317023896,0.002599287248511758,7,0.8935045499529315,0.8937402002171029,0.8945309670409272,0.8931522737157492,0.8906981771020966,0.8931252336057616,0.0012953366940350105,0.9572292927185478,0.9633841018151471,0.9626499739175796,0.9613980177360459,0.9600459002712288,0.9609414572917098,0.0021760596022745125,26,0.9654425955870847,0.9663032705649157,0.9661998278694938,0.9640351563518765,0.9672421887225496,0.965844607819184,0.001070094727322321,0.9213313921381595,0.9227617905675459,0.9217782217782218,0.9252937041871674,0.9224677993284218,0.9227265815999033,0.001378714350329159,5,0.9280816336763987,0.9286063385841573,0.9289851801700143,0.927241028985689,0.9273934407782043,0.9280615244388928,0.0006737826519514944,0.9820154189136349,0.9819789676063836,0.9823384432899793,0.9822179237838549,0.982102162051369,0.9821305831290443,0.00013258360182575178,7,0.9849933395113962,0.9849195527489287,0.9850829832643274,0.9849775969271413,0.9849302410858076,0.9849807427075202,5.8165851986125824e-05,0.9797356730592929,0.9799088296095723,0.9810220160212358,0.9800391247703439,0.9803724428525505,0.980215617262599,0.0004539797188760518,8,0.9841100771918183,0.9840539921725145,0.9841222681072043,0.9841666067318517,0.9840973558610587,0.9841100600128895,3.6473462915822714e-05
2.0477539539337157,0.09928552595201448,0.12654480934143067,0.010920081442763551,1.0,0.1,6,100,1.0,"{'colsample_bytree': 1.0, 'learning_rate': 0.1, 'max_depth': 6, 'n_estimators': 100, 'subsample': 1.0}",0.9171701523366899,0.917686547895688,0.9172691592646147,0.9215554637471597,0.9212456104110721,0.9189853867310449,0.001981988995717548,10,0.9234672140671598,0.9232606478433195,0.9244364687959926,0.9226419478943427,0.9239071496811175,0.9235426856563865,0.0006046903555901881,0.8832341079316305,0.880209324452902,0.8790238343936948,0.8867472190257001,0.8891570918219561,0.8836743155251767,0.003829634250282483,11,0.8882474128018398,0.8874988039422065,0.8898488120950324,0.8872238048500227,0.890112532461287,0.8885862732300778,0.001189723291770902,0.9595243062799916,0.9650532025871063,0.9657798643714137,0.9647365675534689,0.9606718130607136,0.963153150770539,0.002543327706840096,22,0.9670596213030097,0.9676334046215638,0.9670604804005947,0.9665910335654487,0.965468676647019,0.9667626433075271,0.000726488506710666,0.9198,0.9206807324840764,0.9203619009743488,0.9240993354319692,0.9235320663892093,0.9216948070559207,0.001763664265539105,10,0.9259795719601428,0.9258353504853643,0.9268493869746166,0.9252084477507614,0.9262604779181784,0.9260266470178127,0.00053662619978385,0.9816565276845277,0.9816656058415285,0.9821419569672869,0.9817837164293858,0.9820213197836536,0.9818538253412765,0.00019511146921954945,11,0.9842679506553947,0.9842925891389986,0.9846562618453322,0.9841688907916488,0.9844784858699462,0.9843728356602641,0.00017350864361424594,0.979274126091354,0.979974852602653,0.9809471004590719,0.9793497076248072,0.9803872190164986,0.9799866011588769,0.0006318932975867482,11,0.9833922561385589,0.9833448341175617,0.9837454147146292,0.9833070647143806,0.9836645345119598,0.9834908208394181,0.0001787668414586884
3.7101120471954347,0.031820648615279376,0.21207175254821778,0.02136692694518484,1.0,0.1,6,200,0.8,"{'colsample_bytree': 1.0, 'learning_rate': 0.1, 'max_depth': 6, 'n_estimators': 200, 'subsample': 0.8}",0.9225406661502711,0.9246578879421637,0.920625903738897,0.9237760793224541,0.9237244370997728,0.9230649948507118,0.0013929752075636502,1,0.9422001884916793,0.9425487689944098,0.9438405329339771,0.9413875906943118,0.9421234733662114,0.942420110896118,0.0008045631519219536,0.9016491158354858,0.8992826962759163,0.8939690620716664,0.9025116648466197,0.9034729823863071,0.900177104283199,0.0034005751657199103,1,0.9216784958286639,0.9209767973369106,0.9218645287795676,0.9194440997642387,0.9205355590332116,0.9208998961485184,0.0008711752996562365,0.9467974128938035,0.9547256415606092,0.9526343244653104,0.9484611371935315,0.9471103692885458,0.94994577708036,0.0031695829845992847,32,0.9652600281675447,0.9669031349434041,0.9686513835641447,0.9662519886289545,0.9665119190443899,0.9667156908696877,0.00110973313146918,0.9236718909016894,0.9261751758336285,0.9223698166574069,0.9249160647064808,0.924777183600713,0.9243820263399837,0.0012814063751623692,1,0.9429659732219066,0.9433813425619625,0.9446790110896327,0.9422670973320786,0.9429636509370348,0.943251415028523,0.00079850838473866,0.9831583812820394,0.9831175455769886,0.9829179909916296,0.9830163141685822,0.9832022463471031,0.9830824956732686,0.00010273181308321183,3,0.9898147506620333,0.98982607957035,0.9901221630256833,0.9897488758807924,0.9900087767340666,0.9899041291745851,0.00013904942746439903,0.9814299009567093,0.981187861680013,0.9819879776718086,0.9807938173501085,0.9817582667769166,0.9814315648871113,0.0004201059996106672,4,0.989297798147853,0.9893067755563294,0.9895994219764723,0.9892354578619811,0.989553184558968,0.9893985276203207,0.00014794182975788755
3.2666987419128417,0.1709483163778865,0.17209420204162598,0.0344215992072286,1.0,0.1,6,200,1.0,"{'colsample_bytree': 1.0, 'learning_rate': 0.1, 'max_depth': 6, 'n_estimators': 200, 'subsample': 1.0}",0.9218693519235734,0.9216627936999742,0.9197479859533154,0.9238793637678165,0.9235178682090477,0.9221354727107455,0.0014796291474657667,4,0.9376170004002221,0.937591179622242,0.9383795088951432,0.9357974644323376,0.9387280848976219,0.9376226476495134,0.0010126348166113273,0.9003272835465636,0.8936481607961753,0.8921003808221853,0.8996747807233665,0.9032739576077221,0.8978049126992026,0.004232953664996524,4,0.9145430253847295,0.9134748272458045,0.9144444444444444,0.9118939468746914,0.9164931072101558,0.9141698702319652,0.0015016642570042597,0.9470060504902984,0.9554558731483414,0.9531559728742828,0.9524256651017214,0.9469017316920509,0.9509890586613391,0.0034433234752647276,30,0.964060299410568,0.9653643524072818,0.9658868633127299,0.9633831468586183,0.964060299410568,0.9645509922799533,0.0009264478425905828,0.9230769230769231,0.9235190320141164,0.9216180772722687,0.9252990066896412,0.9245734657499364,0.9236173009605771,0.0012681439715151778,4,0.93864906043677,0.9387030508990388,0.9394619687226513,0.936931681272273,0.9396751150316496,0.9386841752724765,0.0009653754522628919,0.9831339523989238,0.9829406548609093,0.982969537045172,0.9830779635260062,0.9832295689531894,0.9830703353568401,0.00010624310412880201,4,0.9885229770670769,0.9885765687610859,0.9887297937940758,0.988346234853456,0.9888893534515644,0.9886129855854519,0.0001847198021430337,0.9815112094794742,0.9811665986196739,0.9819846162025835,0.9811376528597866,0.981838452672661,0.9815277059668359,0.0003429701314401922,3,0.9879649978956777,0.9880074721671704,0.9881655249428191,0.9878383290808094,0.9883795622367726,0.9880711772646498,0.0001863080513370561
